<?xml version="1.0" encoding="utf-8" ?>
<!DOCTYPE article PUBLIC "-//NLM//DTD JATS (Z39.96) Journal Archiving
and Interchange DTD v1.2 20190208//EN" "JATS-archivearticle1.dtd">

<article xmlns:mml="http://www.w3.org/1998/Math/MathML" xmlns:xlink="http://www.w3.org/1999/xlink" dtd-version="1.2" article-type="other">

<front>


<article-meta>


<title-group>
<article-title>Scaling_bias</article-title>
</title-group>

<contrib-group>
<contrib contrib-type="author" corresp="yes">
<contrib-id contrib-id-type="orcid">0009-0000-7194-7099</contrib-id>
<name>
<surname>Debly</surname>
<given-names>Augustin</given-names>
</name>
<string-name>Augustin Debly</string-name>

<role vocab="https://credit.niso.org" vocab-term="writing – original
draft" vocab-term-identifier="https://credit.niso.org/contributor-roles/writing-original-draft/">writing</role>
<xref ref-type="aff" rid="aff-1">a</xref>
<xref ref-type="corresp" rid="cor-1">&#x002A;</xref>
</contrib>
</contrib-group>
<aff id="aff-1">
<institution-wrap>
<institution>Institut des Substances et Organismes de la Mer, ISOMer,
Nantes Université, UR 2160, F-44000 Nantes, France</institution>
</institution-wrap>







</aff>
<author-notes>
<corresp id="cor-1"></corresp>
</author-notes>









<history></history>






</article-meta>

</front>

<body>
<sec id="introduction">
  <title>Introduction</title>
  <p>test hh</p>
</sec>
<sec id="material-and-methods">
  <title>Material and methods</title>
</sec>
<sec id="results">
  <title>Results</title>
</sec>
<sec id="discussion">
  <title>Discussion</title>
</sec>
<sec id="references">
  <title>References</title>
</sec>
</body>

<back>
</back>



</article>