<?xml version="1.0" encoding="utf-8" ?>
<!DOCTYPE article PUBLIC "-//NLM//DTD JATS (Z39.96) Journal Archiving
and Interchange DTD v1.2 20190208//EN" "JATS-archivearticle1.dtd">

<article xmlns:mml="http://www.w3.org/1998/Math/MathML" xmlns:xlink="http://www.w3.org/1999/xlink" dtd-version="1.2" article-type="other">

<front>


<article-meta>


<title-group>
<article-title>Scaling_bias</article-title>
</title-group>

<contrib-group>
<contrib contrib-type="author" corresp="yes">
<contrib-id contrib-id-type="orcid">0009-0000-7194-7099</contrib-id>
<name>
<surname>Debly</surname>
<given-names>Augustin</given-names>
</name>
<string-name>Augustin Debly</string-name>

<role vocab="https://credit.niso.org" vocab-term="writing – original
draft" vocab-term-identifier="https://credit.niso.org/contributor-roles/writing-original-draft/">writing</role>
<xref ref-type="aff" rid="aff-1">a</xref>
<xref ref-type="corresp" rid="cor-1">&#x002A;</xref>
</contrib>
</contrib-group>
<aff id="aff-1">
<institution-wrap>
<institution>Institut des Substances et Organismes de la Mer, ISOMer,
Nantes Université, UR 2160, F-44000 Nantes, France</institution>
</institution-wrap>







</aff>
<author-notes>
<corresp id="cor-1"></corresp>
</author-notes>









<history></history>






</article-meta>

</front>

<body>
<sec id="introduction">
  <title>Introduction</title>
  <p>The present study focuses on microphytobenthos (MPB) colonizing
  estuarine intertidal zones. MPB refers to photosynthetic unicellular
  microalgae forming biofilms at the sediment surface during low tides.
  This group includes diatoms, euglenids, cyanobacteria, and chlorophyta
  (Underwood, 2001). They can be associated to mud and sand,
  i.e. inorganic particles with size between 4 and 63µm, and 63 and
  2000µm, respectively (Wentworth, 1922). In these soft-bottom
  sediments, MPB can be the main primary producer, notably in turbid
  estuaries.</p>
  <p>MPB provides several ecosystem services (Julie A. Hope et al.,
  2020). In addition to its contribution to carbon fluxes, estimated
  between 30 and 230 g C/m²/year (Heip et al., 1995; Park et al., 2024),
  it stabilizes the sediment through the secretion of extracellular
  polymeric substances (EPS) (Gibbs, 1983; Riethmüller et al., 2000;
  Stal, 2010; Huiming et al., 2011; Fang et al., 2012; Gerbersdorf et
  al., 2020), and therefore reduces coastal erosion (J.A. Hope et al.,
  2020). It is a key element of food webs (Deppe, 1999; Aberle-Malzahn,
  2004; Dauvin and Desroy, 2005), and it plays an important role in
  nutrient cycling, increasing water quality. It can also be used as a
  bioindicator of water quality (Oiry and Barillé, 2021)</p>
</sec>
<sec id="material-and-methods">
  <title>Material and methods</title>
</sec>
<sec id="results">
  <title>Results</title>
</sec>
<sec id="discussion">
  <title>Discussion</title>
</sec>
<sec id="references">
  <title>References</title>
</sec>
</body>

<back>
</back>



</article>